<policies>
    <inbound>
        <base />
        <validate-jwt header-name="Authorization" failed-validation-httpcode="401" require-scheme="Bearer">
            <openid-config url="https://login.microsoftonline.com/0fbe7234-45ea-498b-b7e4-1a8b2d3be4d9/v2.0/.well-known/openid-configuration" />
            <required-claims>
                <claim name="aud">
                    <value>3fbff695-0120-4e96-b836-65c33be3171b</value>
                </claim>
                <claim name="tid" match="any">
                    <value>0fbe7234-45ea-498b-b7e4-1a8b2d3be4d9</value>
                    <value>11111111-2222-3333-4444-555555555555</value>
                    <value>66666666-7777-8888-9999-AAAAAAAAAAAA</value>
                </claim>
            </required-claims>
        </validate-jwt>
    </inbound>
    <backend>
        <base />
    </backend>
    <outbound>
        <base />
    </outbound>
    <on-error>
        <base />
    </on-error>
</policies>